Circuit Id, Estimated Time
1.0,0.0040008
1.1,0.0020007
1.2,0.0020007
1.3,0.0020007
1.4,0.0020008
1.5,0.0010006
1.6,0.0010004
1.7,0.0010006
1.8,0.0010005
1.9,0.0030018
1.10,0.0030013
1.11,0.0040012
1.12,0.0000024
1.13,0.0000046
1.14,0.0000075
1.16,0.0050055
1.19,0.0020038
1.21,0.0010006
1.22,0.0150016
1.23,0.0100011
1.24,0.0180112
