Circuit Id, Estimated Time
1.14, 00:00:00.0000075
1.15, 00:00:00.0000162
1.16, 00:00:00.0050055
1.17, 00:00:00.0030159
