Circuit Id, Estimated Time
1.14,0.0000075
1.15,0.0000162
1.16,0.0050055
1.17,0.0030159
