Circuit Id, Estimated Time
2.0,6.435310850198603E-17
2.1,2.815448496961889E-17
2.2,2.815448496961889E-17
2.3,2.815448496961889E-17
2.4,2.0110346406870634E-17
2.5,4.022069281374127E-18
2.6,1.0055173203435317E-17
2.7,4.022069281374127E-18
2.8,8.044138562748254E-18
2.9,4.022069281374127E-18
2.10,4.8264831376489526E-17
2.11,1.608827712549651E-17
2.12,2.3566812195551526E-20
2.13,2.3566812195551526E-20
2.14,9.42672487822061E-20
2.15,9.42672487822061E-20
2.16,2.4132415688244763E-17
2.17,4.4242762095115397E-17
2.18,6.435310850198603E-17
2.19,0
2.20,8.044138562748254E-17
2.21,4.022069281374127E-18
2.22,2.895889882589371E-16
2.23,8.044138562748254E-17
2.24,3.5394209676092318E-16
2.25,2.815448496961889E-17
2.26,1.608827712549651E-17
2.27,4.022069281374127E-17
2.28,2.0110346406870636E-18
2.29,4.022069281374127E-18
2.30,1.0055173203435317E-17
2.31,0
2.32,2.0110346406870636E-18
2.33,2.0110346406870634E-17
2.34,8.848552419023079E-17
2.35,7.239724706473428E-17
2.36,2.4132415688244763E-17
2.37,4.8264831376489526E-17
2.38,1.4479449412946856E-16
