Circuit Id, Circuit Name, Total Experiment Time, Analysis Time, Average Optimization Time
1.29, 1.29 qe_qft_4, 00:00:01.5113533, 00:00:00.0155754, 00:00:00.1494406
1.30, 1.30 qe_qft_5, 00:02:50.1388691, 00:00:00.0020466, 00:00:17.0136092
