Circuit Id, Estimated Time
1.29, 00:00:00.0010098
1.30, 00:00:00.0010145
