Circuit Id, Estimated Time
1.24,0.0180112
1.25,0.0020011
1.26,0.004014
1.27,0.0050012
1.28,0.0010024
1.29,0.0010098
1.30,0.0010145
1.31,0.0010048
1.32,0.0010001
1.33,0.0010013
1.34,0.0050009
1.35,0.006001
1.36,0.0030039
1.37,0.0030013
