Circuit Id, Circuit Name, Total Experiment Time, Analysis Time, Average Optimization Time
1.29, 1.29 qe_qft_4, 00:00:01.6490386, 00:00:00.0214560, 00:00:00.1626051
1.30, 1.30 qe_qft_5, 00:03:21.0398717, 00:00:00.0031428, 00:00:20.1036076
