Circuit Id, Circuit Name, Total Experiment Time, Analysis Time, Average Optimization Time
1.29, 1.29 qe_qft_4, 00:00:01.5563965, 00:00:00.0153347, 00:00:00.1539733
1.30, 1.30 qe_qft_5, 00:03:22.3983057, 00:00:00.0041647, 00:00:20.2393632
