Circuit Id, Estimated Time
1.29,0.0010098
1.30,0.0010145
